token,label,PMI,freq,class_freq
@madhube01,negative,1.9038076624503113,12,12
üôÜ‚Äç‚ôÄÔ∏è,negative,1.9038076624503113,12,12
chiii,negative,1.9038076624503113,12,12
nenhema,negative,1.9038076624503113,12,12
matsha,negative,1.9038076624503113,12,12
kubhadara,negative,1.9038076624503113,12,12
load,negative,1.9038076624503113,12,12
gem,negative,1.9038076624503113,12,12
usa,negative,1.9038076624503113,12,12
gully,negative,1.9038076624503113,12,12
@buhle,negative,1.9038076624503113,12,12
mayasi,negative,1.9038076624503113,12,12
@shanon,negative,1.9038076624503113,12,12
chimukai,negative,1.9038076624503113,12,12
@mhungu,negative,1.9038076624503113,12,12
vaenda,negative,1.903807662450311,6,6
coventry,negative,1.903807662450311,6,6
gondo,negative,1.903807662450311,5,5
@oppamuchinguri,negative,1.903807662450311,5,5
mum,negative,1.903807662450311,5,5
yekupedza,negative,1.903807662450311,6,6
@takudzwa0117,negative,1.903807662450311,5,5
hiv,negative,1.903807662450311,6,6
zvinokwanisa,negative,1.903807662450311,6,6
akapera,negative,1.903807662450311,5,5
kunzwirwa,negative,1.903807662450311,6,6
adeepisa,negative,1.903807662450311,5,5
@tamiswa,negative,1.903807662450311,10,10
papayaisa,negative,1.903807662450311,6,6
asingazive,negative,1.903807662450311,9,9
yakazara,negative,1.903807662450311,21,21
ejm,negative,1.903807662450311,10,10
agent,negative,1.903807662450311,6,6
heeee,negative,1.903807662450311,6,6
@antipeaceman,negative,1.903807662450311,5,5
sekuwana,negative,1.903807662450311,5,5
mpofu,negative,1.903807662450311,6,6
üò£,negative,1.903807662450311,5,5
haite,negative,1.903807662450311,6,6
pwere,negative,1.903807662450311,6,6
washadaya,negative,1.903807662450311,6,6
ü§¶üèæ‚Äç‚ôÄÔ∏è,negative,1.903807662450311,5,5
hazvipere,negative,1.903807662450311,5,5
nekunyepa,negative,1.903807662450311,6,6
blind,negative,1.903807662450311,6,6
wasn‚Äôt,negative,1.903807662450311,5,5
mazimbabweans,negative,1.903807662450311,5,5
vavhote,negative,1.903807662450311,6,6
evil,negative,1.903807662450311,9,9
@rachel,negative,1.903807662450311,5,5
zvakabva,negative,1.903807662450311,5,5
nekubirwa,negative,1.903807662450311,6,6
@gr4youdontlike,negative,1.903807662450311,13,13
ndozvatiri,negative,1.903807662450311,5,5
nekushaya,negative,1.903807662450311,6,6
charity,negative,1.903807662450311,14,14
rashadaya,negative,1.903807662450311,6,6
ekare,negative,1.903807662450311,5,5
kushoropodza,negative,1.903807662450311,6,6
davi,negative,1.903807662450311,6,6
chimoko,negative,1.903807662450311,6,6
kumwa,negative,1.903807662450311,5,5
anodhura,negative,1.903807662450311,5,5
mboro,negative,1.903807662450311,5,5
cheat,negative,1.903807662450311,9,9
hapanawo,negative,1.903807662450311,5,5
dzanga,negative,1.903807662450311,5,5
kumupedzanhamo,negative,1.903807662450311,6,6
nduwe,negative,1.903807662450311,5,5
muparty,negative,1.903807662450311,6,6
@wezhex,negative,1.903807662450311,6,6
@fatso4real,negative,1.903807662450311,6,6
ichiri,negative,1.903807662450311,6,6
username,negative,1.903807662450311,5,5
lil,negative,1.903807662450311,9,9
5am,negative,1.903807662450311,6,6
kutodya,negative,1.903807662450311,5,5
kutuma,negative,1.903807662450311,5,5
@black,negative,1.903807662450311,5,5
tsom,negative,1.903807662450311,6,6
@marthasekeramay,negative,1.903807662450311,6,6
ingawani,negative,1.903807662450311,5,5
kunanzva,negative,1.903807662450311,5,5
anonyepa,negative,1.903807662450311,6,6
kuteya,negative,1.903807662450311,6,6
zvirizvo,negative,1.903807662450311,6,6
mujoina,negative,1.903807662450311,5,5
@lisah,negative,1.903807662450311,5,5
mumota,negative,1.903807662450311,6,6
perish,negative,1.903807662450311,5,5
akutonzi,negative,1.903807662450311,5,5
@ngpindemukomana,negative,1.903807662450311,6,6
confessions,negative,1.903807662450311,5,5
zvinei,negative,1.903807662450311,6,6
left,negative,1.903807662450311,6,6
tuka,negative,1.903807662450311,5,5
wanna,negative,1.903807662450311,5,5
yekucheka,negative,1.903807662450311,5,5
vanorova,negative,1.903807662450311,6,6
inorarama,negative,1.903807662450311,10,10
mibvunzo,negative,1.903807662450311,5,5
pill,negative,1.903807662450311,6,6
chairi,negative,1.903807662450311,6,6
mharidzo,negative,1.903807662450311,5,5
simping,negative,1.903807662450311,5,5
padura,negative,1.903807662450311,5,5
@designerguyzw,negative,1.903807662450311,6,6
western,negative,1.903807662450311,6,6
neshungu,negative,1.903807662450311,6,6
@tapiwamunjoma,negative,1.903807662450311,5,5
vhesi,negative,1.903807662450311,5,5
makanzi,negative,1.903807662450311,6,6
bonyora,negative,1.903807662450311,5,5
vembwa,negative,1.903807662450311,13,13
wandiri,negative,1.903807662450311,5,5
nomukadzi,negative,1.903807662450311,5,5
@lyn,negative,1.903807662450311,5,5
vasiyana,negative,1.903807662450311,6,6
mabhero,negative,1.903807662450311,5,5
pachikoro,negative,1.903807662450311,6,6
ndive,negative,1.903807662450311,11,11
layer,negative,1.903807662450311,5,5
kukama,negative,1.903807662450311,5,5
haapo,negative,1.903807662450311,5,5
@effort,negative,1.903807662450311,5,5
vharira,negative,1.903807662450311,6,6
@rutendocindy,negative,1.903807662450311,5,5
ndofarira,negative,1.903807662450311,11,11
@talemagara,negative,1.903807662450311,10,10
ngavasiyane,negative,1.903807662450311,6,6
@tichafatmudzana,negative,1.903807662450311,6,6
kuvhara,negative,1.903807662450311,5,5
kunyepera,negative,1.903807662450311,13,13
nenyama,negative,1.903807662450311,6,6
@slender,negative,1.903807662450311,6,6
unkols,negative,1.903807662450311,5,5
kamari,negative,1.903807662450311,6,6
chokuba,negative,1.903807662450311,5,5
yevanhu,negative,1.903807662450311,5,5
cheku,negative,1.903807662450311,5,5
hamudi,negative,1.903807662450311,5,5
@smangovacho,negative,1.903807662450311,6,6
zvinosiririsa,negative,1.903807662450311,6,6
@gushaz28,negative,1.903807662450311,5,5
ngochani,negative,1.903807662450311,9,9
#zanupfmustgo,negative,1.903807662450311,6,6
muchiri,negative,1.903807662450311,5,5
@peemix01,negative,1.903807662450311,5,5
üò¢,negative,1.903807662450311,9,9
spaghetti,negative,1.903807662450311,6,6
ngarivhume,negative,1.903807662450311,5,5
ehee,negative,1.903807662450311,6,6
achitadza,negative,1.903807662450311,5,5
inovava,negative,1.903807662450311,6,6
monetsana,negative,1.903807662450311,5,5
@lovenesssilenje,negative,1.903807662450311,6,6
chavanofunga,negative,1.903807662450311,5,5
billion,negative,1.903807662450311,6,6
mothers,negative,1.903807662450311,9,9
percentage,negative,1.903807662450311,5,5
kupota,negative,1.903807662450311,5,5
varamba,negative,1.903807662450311,5,5
ccczimbabwe,negative,1.903807662450311,5,5
imhosva,negative,1.903807662450311,6,6
vanoona,negative,1.903807662450311,6,6
vanomhanya,negative,1.903807662450311,6,6
akapusa,negative,1.903807662450311,5,5
kudzokera,negative,1.903807662450311,10,10
theories,negative,1.903807662450311,6,6
nezviri,negative,1.903807662450311,6,6
vachiramba,negative,1.903807662450311,5,5
christ,negative,1.903807662450311,5,5
pasocialism,negative,1.903807662450311,6,6
pedzezvo,negative,1.903807662450311,5,5
takambo,negative,1.903807662450311,6,6
@richardtawanda,negative,1.903807662450311,10,10
microwave,negative,1.903807662450311,5,5
neshadaya,negative,1.903807662450311,6,6
necorruption,negative,1.903807662450311,5,5
◊û◊©◊§◊ó◊™,negative,1.903807662450311,13,13
musisina,negative,1.903807662450311,6,6
bloody,negative,1.903807662450311,5,5
wekuda,negative,1.903807662450311,6,6
@elliotlinksync,negative,1.903807662450311,10,10
ndeyavo,negative,1.903807662450311,6,6
◊¢◊ì,negative,1.903807662450311,27,27
kunorapwa,negative,1.903807662450311,5,5
palunch,negative,1.903807662450311,6,6
vhoti,negative,1.903807662450311,9,9
munoziva,negative,1.903807662450311,6,6
@alpha,negative,1.903807662450311,6,6
vapera,negative,1.903807662450311,6,6
@sire,negative,1.903807662450311,5,5
tatenda,negative,1.903807662450311,6,6
sungai,negative,1.903807662450311,6,6
lord,negative,1.903807662450311,9,9
prefect,negative,1.903807662450311,5,5
abuser,negative,1.903807662450311,5,5
varwadziwa,negative,1.903807662450311,5,5
yechibage,negative,1.903807662450311,5,5
wechikadzi,negative,1.903807662450311,5,5
@takudzwamac,negative,1.903807662450311,6,6
unotoshaya,negative,1.903807662450311,5,5
anedzungu,negative,1.903807662450311,6,6
ndarwadziwa,negative,1.903807662450311,5,5
ichoo,negative,1.903807662450311,6,6
matanga,negative,1.903807662450311,9,9
kujekesa,negative,1.903807662450311,5,5
sekunge,negative,1.903807662450311,6,6
matayi,negative,1.903807662450311,5,5
vachida,negative,1.903807662450311,9,9
@bellamelz12,negative,1.903807662450311,6,6
agadzirise,negative,1.903807662450311,5,5
nenhamo,negative,1.903807662450311,5,5
@kingmhare1,negative,1.903807662450311,6,6
waiziva,negative,1.903807662450311,5,5
mat,negative,1.903807662450311,6,6
zvega,negative,1.903807662450311,10,10
njovana,negative,1.903807662450311,10,10
ain,negative,1.903807662450311,6,6
nambuya,negative,1.903807662450311,6,6
‡ÆÖ‡Æ¥‡Øà‡Æ§‡Øç‡Æ§‡ØÅ‡Æï‡Øç‡Æï‡Øä‡Æ£‡Øç‡Æü‡ØÅ,negative,1.903807662450311,6,6
@munamati7,negative,1.903807662450311,6,6
unogwara,negative,1.903807662450311,5,5
akangofanana,negative,1.903807662450311,5,5
raanoenda,negative,1.903807662450311,6,6
ezanu,negative,1.903807662450311,6,6
na8,negative,1.903807662450311,5,5
spin,negative,1.903807662450311,6,6
f*ck,negative,1.903807662450311,6,6
mupengo,negative,1.903807662450311,5,5
unotoita,negative,1.903807662450311,5,5
mave,negative,1.903807662450311,9,9
vakuenda,negative,1.903807662450311,5,5
ziya,negative,1.903807662450311,6,6
hwavo,negative,1.903807662450311,9,9
kuzungaira,negative,1.903807662450311,11,11
toxic,negative,1.903807662450311,11,11
@realhusband1,negative,1.903807662450311,6,6
siyayi,negative,1.903807662450311,5,5
@hermanmashaba,negative,1.903807662450311,5,5
vange,negative,1.903807662450311,5,5
riinhi,negative,1.903807662450311,5,5
tega,negative,1.903807662450311,5,5
mupfungwa,negative,1.903807662450311,5,5
chichauraya,negative,1.903807662450311,6,6
vakapfeka,negative,1.903807662450311,10,10
uripo,negative,1.903807662450311,6,6
mumuromo,negative,1.903807662450311,6,6
makes,negative,1.903807662450311,5,5
rinojairira,negative,1.903807662450311,5,5
ichienda,negative,1.903807662450311,6,6
vanoshora,negative,1.903807662450311,5,5
pedu,negative,1.903807662450311,9,9
zvikwereti,negative,1.903807662450311,5,5
akaromba,negative,1.903807662450311,5,5
dzekwababa,negative,1.903807662450311,5,5
vamboita,negative,1.903807662450311,5,5
netone,negative,1.903807662450311,6,6
pakutaura,negative,1.903807662450311,5,5
@tawandachiware3,negative,1.903807662450311,6,6
@mavasaobey,negative,1.903807662450311,10,10
sanction,negative,1.903807662450311,5,5
imika,negative,1.903807662450311,10,10
paside,negative,1.903807662450311,5,5
muhurombo,negative,1.903807662450311,5,5
vakajaidzwa,negative,1.903807662450311,5,5
vachijola,negative,1.903807662450311,6,6
kubvuma,negative,1.903807662450311,14,14
@mcchenje,negative,1.903807662450311,6,6
2am,negative,1.903807662450311,6,6
@nicksonmpofu,negative,1.903807662450311,6,6
mutasa,negative,1.903807662450311,5,5
bbe,negative,1.903807662450311,10,10
folks,negative,1.903807662450311,5,5
humbula,negative,1.903807662450311,6,6
humbimbindoga,negative,1.903807662450311,5,5
guka,negative,1.903807662450311,5,5
‡ÆÖ‡Æµ‡Æ©‡Øç,negative,1.903807662450311,9,9
savage,negative,1.903807662450311,6,6
@yellowzimbabwe,negative,1.903807662450311,14,14
kuwirirana,negative,1.903807662450311,5,5
dhodhi,negative,1.903807662450311,13,13
unongowona,negative,1.903807662450311,5,5
rezviyo,negative,1.903807662450311,6,6
nokuita,negative,1.903807662450311,6,6
@lordsalisburry,negative,1.903807662450311,6,6
horny,negative,1.903807662450311,9,9
imf,negative,1.903807662450311,6,6
atadza,negative,1.903807662450311,5,5
@netonecellular,negative,1.903807662450311,6,6
hacho,negative,1.903807662450311,5,5
myself,negative,1.903807662450311,5,5
chirega,negative,1.903807662450311,5,5
unongoona,negative,1.903807662450311,6,6
oda,negative,1.903807662450311,9,9
meghan,negative,1.903807662450311,6,6
vachigadzira,negative,1.903807662450311,5,5
@tirimusango,negative,1.903807662450311,5,5
kusura,negative,1.903807662450311,5,5
nzwirai,neutral,4.3558703815080575,8,8
kungonzi,neutral,4.3558703815080575,7,7
notice,neutral,4.3558703815080575,8,8
ngavasadaro,neutral,4.3558703815080575,8,8
drawing,neutral,4.3558703815080575,8,8
buat,neutral,4.3558703815080575,8,8
anobika,neutral,4.3558703815080575,10,10
@tinotendaphile2,neutral,4.3558703815080575,5,5
hatimire,neutral,4.3558703815080575,5,5
nguvo,neutral,4.3558703815080575,5,5
@villageman263,neutral,4.3558703815080575,12,12
munashe,neutral,4.3558703815080575,5,5
rabies,neutral,4.3558703815080575,5,5
prie,neutral,4.3558703815080575,12,12
chigodo,neutral,4.3558703815080575,8,8
module,neutral,4.3558703815080575,5,5
@dialo,neutral,4.3558703815080575,8,8
kubhaibheri,neutral,4.3558703815080575,12,12
remashoko,neutral,4.3558703815080575,5,5
vaka,neutral,4.3558703815080575,5,5
msg,neutral,4.3558703815080575,8,8
fish,neutral,4.3558703815080575,8,8
@phillip,neutral,4.3558703815080575,8,8
ndichibvunza,neutral,4.3558703815080575,5,5
tag,neutral,4.3558703815080575,5,5
roast,neutral,4.3558703815080575,5,5
@chris79016670,neutral,4.3558703815080575,8,8
mines,neutral,4.3558703815080575,8,8
vadii,neutral,4.355870381508057,6,6
@michaelbucwa,neutral,4.355870381508057,6,6
nezveiko,neutral,4.355870381508057,6,6
kuuni,neutral,4.355870381508057,6,6
@messangerbro,neutral,4.355870381508057,6,6
kimmich,neutral,4.355870381508057,6,6
@zwolugazwothed,neutral,4.355870381508057,6,6
@luciferstar,neutral,4.355870381508057,6,6
anonwa,neutral,4.355870381508057,6,6
mupot,neutral,4.355870381508057,6,6
tichikura,neutral,4.355870381508057,6,6
myte,neutral,4.355870381508057,6,6
female,neutral,4.355870381508057,6,6
nenzizi,neutral,4.355870381508057,6,6
zviye,neutral,4.355870381508057,6,6
akapfuma,neutral,4.355870381508057,6,6
tasvika,neutral,4.355870381508057,6,6
nepo,neutral,4.355870381508057,6,6
vakanyarara,neutral,4.355870381508057,6,6
award,neutral,4.355870381508057,6,6
uchinge,neutral,4.33511182134126,69,68
makudo,neutral,4.203867288063007,9,8
@theavengerzwl,neutral,4.203867288063007,9,8
remitemo,neutral,4.203867288063007,9,8
kunyora,neutral,4.1859453800657445,8,7
vanoisa,neutral,4.1859453800657445,17,15
tengerai,neutral,4.163225303565661,7,6
haikwane,neutral,4.163225303565661,7,6
dza,neutral,4.163225303565661,7,6
shady,neutral,4.163225303565661,7,6
reshadaya,neutral,4.163225303565661,7,6
attacking,neutral,4.163225303565661,7,6
dzidzai,neutral,4.163225303565661,7,6
akatadza,neutral,4.163225303565661,7,6
stanley,neutral,4.163225303565661,7,6
08,neutral,4.163225303565661,7,6
rev,neutral,4.1494195040406305,14,12
÷Ñ÷Ä’´’Ω’ø’∏’Ω,neutral,4.13347796017161,6,5
bans,neutral,4.13347796017161,6,5
@marrionmubawu,neutral,4.13347796017161,6,5
aitwa,neutral,4.13347796017161,6,5
dzikamai,neutral,4.13347796017161,6,5
quad,neutral,4.13347796017161,6,5
nhando,neutral,4.13347796017161,6,5
diaries,neutral,4.13347796017161,6,5
vawanda,neutral,4.13347796017161,6,5
wembudzi,neutral,4.13347796017161,6,5
rudzi,neutral,4.107942868064471,18,15
romance,neutral,4.092835975674263,5,4
laura,neutral,4.092835975674263,5,4
1998,neutral,4.092835975674263,5,4
vafundisi,neutral,4.092835975674263,5,4
kurai,neutral,4.092835975674263,5,4
kungosasa,neutral,4.092835975674263,5,4
tizivane,neutral,4.092835975674263,5,4
jani,neutral,4.092835975674263,5,4
pastage,neutral,4.092835975674263,5,4
gaga,neutral,4.092835975674263,5,4
natezvara,neutral,4.092835975674263,5,4
tevera,neutral,4.092835975674263,5,4
@bradelyboy,neutral,4.092835975674263,5,4
najob,neutral,4.092835975674263,5,4
pakufa,neutral,4.092835975674263,5,4
kumaricho,neutral,4.092835975674263,5,4
kudonhedza,neutral,4.092835975674263,5,4
petty,neutral,4.092835975674263,5,4
vanotarisira,neutral,4.092835975674263,5,4
twins,neutral,4.092835975674263,5,4
vaigona,neutral,4.092835975674263,5,4
manyenga,neutral,4.092835975674263,5,4
mashaba,neutral,4.092835975674263,5,4
chivharo,neutral,4.092835975674263,5,4
temba,neutral,4.092835975674263,5,4
fadzie,neutral,4.092835975674263,5,4
jongwe,neutral,4.092835975674263,5,4
yekut,neutral,4.092835975674263,5,4
yadonha,neutral,4.092835975674263,5,4
positions,neutral,4.092835975674263,5,4
ecocash,neutral,4.092835975674263,5,4
kunyangwe,neutral,4.092835975674263,5,4
damn,neutral,4.092835975674263,5,4
wee,neutral,4.092835975674263,5,4
5kg,neutral,4.092835975674263,5,4
jnr,neutral,4.092835975674263,5,4
adzingwa,neutral,4.092835975674263,5,4
outside,neutral,4.092835975674263,5,4
ichinzi,neutral,4.092835975674263,5,4
nhomba,neutral,4.092835975674263,5,4
yakaruma,neutral,4.092835975674263,5,4
kwerudzi,neutral,4.092835975674263,5,4
mukugadzwa,neutral,4.092835975674263,5,4
tumirai,neutral,4.092835975674263,5,4
inosara,neutral,4.092835975674263,5,4
07,neutral,4.092835975674263,5,4
rasberry,neutral,4.092835975674263,5,4
buri,neutral,4.092835975674263,5,4
kuremekedzwa,neutral,4.092835975674263,5,4
munzeve,neutral,4.092835975674263,5,4
@therealbigtee1,neutral,4.092835975674263,5,4
romantic,neutral,4.092835975674263,5,4
@lovemore070,neutral,4.092835975674263,5,4
mevanhu,neutral,4.092835975674263,5,4
nightnurse,neutral,4.092835975674263,5,4
mtc,neutral,4.092835975674263,5,4
@itsstartup,neutral,4.092835975674263,5,4
akanyarara,neutral,4.092835975674263,5,4
cr7,neutral,4.092835975674263,5,4
#africa,neutral,4.092835975674263,5,4
vaibika,neutral,4.092835975674263,5,4
@crussymalvin,neutral,4.092835975674263,5,4
vaipfeka,neutral,4.092835975674263,5,4
dreams,neutral,4.092835975674263,5,4
akuna,neutral,4.092835975674263,5,4
kutotenga,neutral,4.092835975674263,5,4
dzevamwe,neutral,4.092835975674263,5,4
paripo,neutral,4.092835975674263,5,4
arikupi,neutral,4.092835975674263,5,4
havatani,neutral,4.092835975674263,5,4
nemadrinks,neutral,4.092835975674263,5,4
paint,neutral,4.092835975674263,5,4
vachidzidza,neutral,4.092835975674263,5,4
ndatenga,neutral,4.092835975674263,5,4
nhume,neutral,4.092835975674263,5,4
#shoko2022,neutral,4.092835975674263,5,4
$30,neutral,4.092835975674263,5,4
malessons,neutral,4.092835975674263,5,4
maartist,neutral,4.092835975674263,5,4
kake,neutral,4.092835975674263,5,4
mumunda,neutral,4.092835975674263,5,4
similar,neutral,4.092835975674263,5,4
@auzy,neutral,4.092835975674263,5,4
kurwadzisa,neutral,4.092835975674263,5,4
chakazara,neutral,4.092835975674263,5,4
role,neutral,4.092835975674263,5,4
vanobvumirana,neutral,4.092835975674263,5,4
ndokupa,neutral,4.092835975674263,5,4
@tawazwilson,neutral,4.092835975674263,5,4
yaanayo,neutral,4.092835975674263,5,4
@rno,neutral,4.092835975674263,5,4
pazbc,neutral,4.092835975674263,5,4
walzy,neutral,4.092835975674263,5,4
woisa,neutral,4.092835975674263,5,4
chopenga,neutral,4.092835975674263,5,4
@ladenraww,neutral,4.092835975674263,5,4
@marvelous,neutral,4.092835975674263,5,4
@eargroundzw,neutral,4.092835975674263,5,4
zvinoshamisa,neutral,4.092835975674263,11,9
magara,neutral,4.092835975674263,5,4
#partycipate,neutral,4.092835975674263,5,4
harry,neutral,4.092835975674263,5,4
zvinokuita,neutral,4.092835975674263,5,4
@whatsup,neutral,4.092835975674263,5,4
gwetengwe,neutral,4.092835975674263,5,4
kutarisa,neutral,4.092835975674263,5,4
anemakore,neutral,4.092835975674263,5,4
ld,neutral,4.092835975674263,5,4
toga,neutral,4.092835975674263,5,4
akarwa,neutral,4.092835975674263,5,4
pack,neutral,4.092835975674263,5,4
vachirova,neutral,4.092835975674263,5,4
muhuni,neutral,4.092835975674263,5,4
aye,neutral,4.066363764313072,10,8
tozoona,neutral,4.066363764313072,10,8
nhembe,neutral,4.066363764313072,10,8
varikutiza,neutral,4.066363764313072,10,8
@ekayzee,neutral,4.066363764313072,10,8
nemo,neutral,4.066363764313072,10,8
response,neutral,4.066363764313072,10,8
@thaslickpastor,neutral,4.066363764313072,10,8
00,neutral,4.033942286620695,24,19
100%,neutral,4.033942286620695,9,7
70,neutral,4.033942286620695,9,7
mibairo,neutral,4.033942286620695,9,7
mimmz,neutral,4.00794707808775,13,10
missj,neutral,4.00794707808775,13,10
33,neutral,4.00794707808775,13,10
royal,neutral,3.993300302123349,8,6
dj,neutral,3.993300302123349,8,6
@denfordngadzio1,neutral,3.993300302123349,8,6
vanosvika,neutral,3.993300302123349,8,6
@omasaraure,neutral,3.993300302123349,8,6
muchinda,neutral,3.993300302123349,8,6
@sabhuku,neutral,3.993300302123349,8,6
@sheconquers4,neutral,3.993300302123349,8,6
seriously,neutral,3.993300302123349,8,6
@tinei2010,neutral,3.9773587582543275,12,9
vanotaura,neutral,3.9773587582543275,12,9
context,neutral,3.9408328822292136,11,8
@emteeen,neutral,3.9408328822292136,11,8
ripi,neutral,3.9408328822292136,11,8
kupusa,neutral,3.9408328822292136,7,5
hayi,neutral,3.9408328822292136,7,5
@leninroger,neutral,3.9408328822292136,7,5
imombe,neutral,3.9408328822292136,7,5
kuhwina,neutral,3.9408328822292136,11,8
though,neutral,3.9408328822292136,11,8
gone,neutral,3.9408328822292136,11,8
fun,neutral,3.9408328822292136,11,8
@dave,neutral,3.9408328822292136,7,5
akafanana,neutral,3.9408328822292136,7,5
vakabva,neutral,3.9408328822292136,7,5
@jaisonshazhiwe,neutral,3.9408328822292136,7,5
auction,neutral,3.9408328822292136,11,8
mazinga,neutral,3.9408328822292136,11,8
solar,neutral,3.9408328822292136,7,5
muchetura,neutral,3.9084114045368357,14,10
@boriscde,neutral,3.9033581768105505,25,18
@anti,neutral,3.8704435543378155,6,4
@sibert,neutral,3.8704435543378155,6,4
@eddie,neutral,3.8704435543378155,6,4
found,neutral,3.8704435543378155,6,4
lessons,neutral,3.8704435543378155,6,4
ndarota,neutral,3.8704435543378155,6,4
#thehubzw,neutral,3.8704435543378155,6,4
@frcombo,neutral,3.8704435543378155,6,4
kurangarira,neutral,3.8704435543378155,6,4
dzirimo,neutral,3.8704435543378155,6,4
akataurirwa,neutral,3.8704435543378155,6,4
mutsanangure,neutral,3.8704435543378155,6,4
chibhoyi,neutral,3.8704435543378155,6,4
anytime,neutral,3.8704435543378155,6,4
explain,neutral,3.8704435543378155,6,4
hunters,neutral,3.8704435543378155,6,4
40k,neutral,3.8704435543378155,6,4
zvinotengeswa,neutral,3.8704435543378155,6,4
yapa,neutral,3.8704435543378155,6,4
@arthur85026546,neutral,3.8704435543378155,6,4
imhata,neutral,3.8704435543378155,6,4
@hellen,neutral,3.8704435543378155,6,4
direct,neutral,3.8704435543378155,6,4
vazive,neutral,3.8704435543378155,6,4
kwawo,neutral,3.8704435543378155,6,4
librao,neutral,3.8704435543378155,6,4
hauwani,neutral,3.8704435543378155,6,4
half,neutral,3.8704435543378155,6,4
ndatanga,neutral,3.8704435543378155,6,4
@elonmusk,neutral,3.8704435543378155,6,4
@faffienesongano,neutral,3.8704435543378155,6,4
musaise,neutral,3.8704435543378155,6,4
@sharlene898,neutral,3.8704435543378155,6,4
mindset,neutral,3.8704435543378155,6,4
@sarahtaye81,neutral,3.8704435543378155,6,4
akusi,neutral,3.8704435543378155,6,4
@ruth9027,neutral,3.8704435543378155,6,4
tinawo,neutral,3.8704435543378155,6,4
@piersmorgan,neutral,3.8704435543378155,6,4
nepolice,neutral,3.8704435543378155,6,4
tiudze,neutral,3.8704435543378155,6,4
musika,neutral,3.8704435543378155,6,4
@tonde,neutral,3.8704435543378155,6,4
muwashington,neutral,3.8704435543378155,6,4
ndokwanisa,neutral,3.8704435543378155,6,4
deadly,neutral,3.8704435543378155,6,4
define,neutral,3.8704435543378155,6,4
tee,neutral,3.8704435543378155,6,4
@dandepartners,neutral,3.8704435543378155,6,4
@costmillions,neutral,3.8704435543378155,6,4
double,neutral,3.8704435543378155,6,4
@mhurirofarai,neutral,3.8704435543378155,6,4
net,neutral,3.8704435543378155,6,4
zvamutori,neutral,3.8704435543378155,6,4
banking,neutral,3.8704435543378155,6,4
@bernsoft2,neutral,3.8704435543378155,6,4
@kaviyagertrude,neutral,3.8704435543378155,6,4
gutsa,neutral,3.8704435543378155,6,4
havafanire,neutral,3.8704435543378155,6,4
takawirirana,neutral,3.8704435543378155,6,4
semuenzaniso,neutral,3.8704435543378155,6,4
@ishemagos,neutral,3.8704435543378155,6,4
vachipihwa,neutral,3.8704435543378155,6,4
@alwyn,neutral,3.8704435543378155,6,4
urionline,neutral,3.8704435543378155,6,4
tinoendesa,positive,3.1435998089985606,5,5
yamuka,positive,3.1435998089985606,5,5
usaita,positive,3.1435998089985606,5,5
brooke,positive,3.1435998089985606,5,5
gardens,positive,3.1435998089985606,5,5
zvinonaka,positive,3.1435998089985606,5,5
77,positive,3.1435998089985606,11,11
inotengeswa,positive,3.1435998089985606,11,11
thirsty,positive,3.1435998089985606,5,5
hwema,positive,3.1435998089985606,5,5
redz,positive,3.1435998089985606,5,5
inonaka,positive,3.1435998089985606,10,10
arikurova,positive,3.1435998089985606,5,5
atone,positive,3.1435998089985606,5,5
vatambi,positive,3.1435998089985606,5,5
repeat,positive,3.1435998089985606,5,5
kunoroora,positive,3.1435998089985606,5,5
kutipa,positive,3.1435998089985606,5,5
nokugadzira,positive,3.1435998089985606,5,5
üòπüòπüòπüòπ,positive,3.1435998089985606,5,5
anokunda,positive,3.1435998089985606,5,5
@arniek25aarnold,positive,3.1435998089985606,10,10
bhule,positive,3.1435998089985606,5,5
#rip,positive,3.1435998089985606,5,5
bulilima,positive,3.1435998089985606,5,5
pamusha,positive,3.1435998089985606,10,10
–µ—Å–ª–∏,positive,3.1435998089985606,5,5
kamuri,positive,3.1435998089985606,5,5
sharo,positive,3.1435998089985606,5,5
kunouya,positive,3.1435998089985606,5,5
yeafrima,positive,3.1435998089985606,5,5
zondo,positive,3.1435998089985606,5,5
yemukati,positive,3.1435998089985606,5,5
highfield,positive,3.1435998089985606,5,5
systems,positive,3.1435998089985606,5,5
@tinashechirape,positive,3.1435998089985606,5,5
#legacyrealestate,positive,3.1435998089985606,5,5
üôè,positive,3.1435998089985606,5,5
chinoita,positive,3.1435998089985606,5,5
*,positive,3.1435998089985606,5,5
·Äû·Ä≠·ÄØ·Ä∑,positive,3.1435998089985606,5,5
@david7zoe,positive,3.1435998089985606,5,5
@mitchie,positive,3.1435998089985606,5,5
bread,positive,3.1435998089985606,5,5
39,positive,3.1435998089985606,5,5
ngaabike,positive,3.1435998089985606,5,5
prayer,positive,3.1435998089985606,5,5
english,positive,3.1435998089985606,5,5
mukudzei,positive,3.1435998089985606,5,5
winning,positive,3.1435998089985606,5,5
congrats,positive,3.1435998089985606,10,10
mumatunhu,positive,3.1435998089985606,5,5
mashanu,positive,3.1435998089985606,5,5
mt,positive,3.1435998089985606,5,5
eharare,positive,3.1435998089985606,5,5
mutengi,positive,3.1435998089985606,5,5
rinonaka,positive,3.1435998089985606,5,5
unozoona,positive,3.1435998089985606,5,5
achahwina,positive,3.1435998089985606,5,5
ÿµŸàÿ™,positive,3.1435998089985606,5,5
sunungukai,positive,3.1435998089985606,5,5
kuhupenyu,positive,3.1435998089985606,5,5
@irvinesz,positive,3.1435998089985606,5,5
mutinhimira,positive,3.1435998089985606,5,5
common,positive,3.1435998089985606,5,5
chikomba,positive,3.1435998089985606,5,5
kusvitsa,positive,3.1435998089985606,5,5
joji,positive,3.1435998089985606,5,5
cyber,positive,3.1435998089985606,5,5
sharara,positive,3.1435998089985606,10,10
pava,positive,3.1435998089985606,5,5
yemhando,positive,3.1435998089985606,5,5
taken,positive,3.1435998089985606,5,5
icha,positive,3.1435998089985606,5,5
@ndauvarsity,positive,3.14359980899856,6,6
avalon,positive,3.14359980899856,6,6
chakanaka,positive,3.14359980899856,6,6
wemumwe,positive,3.14359980899856,6,6
@tcnemaungwe,positive,3.14359980899856,6,6
fans,positive,3.14359980899856,7,7
@mhtestd,positive,3.14359980899856,7,7
hatisikumira,positive,3.14359980899856,6,6
kutengeswa,positive,3.14359980899856,15,15
vevana,positive,3.14359980899856,8,8
yekuraratownhouse,positive,3.14359980899856,7,7
oxnajneqyz,positive,3.14359980899856,6,6
seke,positive,3.14359980899856,8,8
ichikupa,positive,3.14359980899856,8,8
insiza,positive,3.14359980899856,7,7
pamushandi,positive,3.14359980899856,6,6
munewlands,positive,3.14359980899856,6,6
hatfield,positive,3.14359980899856,6,6
yakabatana,positive,3.14359980899856,8,8
#rawsonproperties,positive,3.14359980899856,6,6
@maluvamalvern,positive,3.14359980899856,6,6
inzwa,positive,3.14359980899856,6,6
munhumutema,positive,3.14359980899856,6,6
teams,positive,3.14359980899856,6,6
ele,positive,3.14359980899856,7,7
butcheries,positive,3.14359980899856,6,6
release,positive,3.14359980899856,6,6
acharamba,positive,3.14359980899856,6,6
lunch,positive,3.14359980899856,9,9
#skyryanproperties,positive,3.14359980899856,6,6
#redmarketsunday,positive,3.14359980899856,19,19
nemhepo,positive,3.14359980899856,7,7
rekare,positive,3.14359980899856,14,14
mifananidzo,positive,3.14359980899856,7,7
potse,positive,3.14359980899856,8,8
marights,positive,3.14359980899856,6,6
ndinogara,positive,3.14359980899856,7,7
bra,positive,3.14359980899856,6,6
@babatafi,positive,3.14359980899856,7,7
uchienda,positive,3.14359980899856,12,12
cottage,positive,3.14359980899856,6,6
flat,positive,3.14359980899856,9,9
kusimuka,positive,3.14359980899856,6,6
amo,positive,3.14359980899856,6,6
@kudakwaishe19,positive,3.14359980899856,6,6
nemvura,positive,3.14359980899856,6,6
visit,positive,3.14359980899856,6,6
vakazvipira,positive,3.14359980899856,8,8
intern,positive,3.14359980899856,6,6
shava,positive,3.14359980899856,6,6
vanorwirawo,positive,3.14359980899856,6,6
=,positive,3.14359980899856,12,12
@zimta01,positive,3.14359980899856,6,6
chivanhu,positive,3.14359980899856,8,8
duramazwi,positive,3.14359980899856,8,8
ahead,positive,3.14359980899856,8,8
dry,positive,3.14359980899856,6,6
ndadzidza,positive,3.14359980899856,6,6
driving,positive,3.14359980899856,6,6
cluster,positive,3.14359980899856,7,7
@teachers,positive,3.14359980899856,6,6
terezim,positive,3.14359980899856,6,6
handsome,positive,3.14359980899856,6,6
@zse,positive,3.14359980899856,12,12
entry,positive,3.14359980899856,6,6
gochi,positive,3.14359980899856,8,8
üëâ,positive,3.14359980899856,9,9
muchero,positive,3.14359980899856,7,7
kupfura,positive,3.14359980899856,8,8
chegumi,positive,3.14359980899856,6,6
hofisi,positive,3.14359980899856,9,9
ufunge,positive,3.14359980899856,6,6
channel,positive,3.14359980899856,6,6
chirongwa,positive,3.14359980899856,6,6
yegukurahundi,positive,3.14359980899856,6,6
que,positive,3.14359980899856,8,8
@redmarketsunday,positive,3.14359980899856,24,24
@machenjerap,positive,3.14359980899856,6,6
kuguma,positive,3.14359980899856,7,7
quart,positive,3.14359980899856,8,8
looking,positive,3.14359980899856,7,7
@imnotaforeigner,positive,3.14359980899856,6,6
parizvino,positive,3.14359980899856,7,7
maside,positive,3.14359980899856,6,6
imbudzi,positive,3.14359980899856,6,6
akajeka,positive,3.14359980899856,7,7
yakatumirwa,positive,3.14359980899856,6,6
rakanaka,positive,3.14359980899856,7,7
@harare,positive,3.14359980899856,6,6
till,positive,3.14359980899856,6,6
@gnashkid,positive,3.14359980899856,6,6
iharare,positive,3.14359980899856,8,8
yekuroja,positive,3.056136967748221,16,15
korea,positive,3.0366846050820486,13,12
panhamba,positive,3.0281225915786245,12,11
ranhasi,positive,3.018068926914702,11,10
emunhumutapa,positive,3.018068926914702,11,10
bodo,positive,3.0060962852486255,10,9
nhumwa,positive,3.0060962852486255,10,9
rive,positive,3.0060962852486255,10,9
muimbi,positive,3.0060962852486255,21,19
december,positive,3.0060962852486255,10,9
renyaradzo,positive,2.9915967155535106,9,8
üëèüèø,positive,2.9915967155535106,9,8
gwanda,positive,2.9915967155535106,9,8
avenue,positive,2.9915967155535106,9,8
candy,positive,2.9915967155535106,9,8
yebasa,positive,2.9915967155535106,9,8
taurai,positive,2.9915967155535106,9,8
republic,positive,2.9915967155535106,9,8
industrial,positive,2.9915967155535106,9,8
kurepublic,positive,2.9915967155535106,9,8
hicc,positive,2.9831351368053145,18,16
pavo,positive,2.973674807556248,8,7
@noth,positive,2.973674807556248,8,7
apartment,positive,2.973674807556248,8,7
budiriro,positive,2.973674807556248,8,7
wezim,positive,2.973674807556248,8,7
stadium,positive,2.973674807556248,8,7
yekurarahouse,positive,2.973674807556248,8,7
ando,positive,2.973674807556248,8,7
levels,positive,2.973674807556248,8,7
condevproperty,positive,2.973674807556248,8,7
yapera,positive,2.973674807556248,8,7
chezimbabwe,positive,2.973674807556248,8,7
kwenguva,positive,2.973674807556248,8,7
necessary,positive,2.9509547310561643,7,6
@vagudo11,positive,2.9509547310561643,7,6
@missv,positive,2.9509547310561643,7,6
college,positive,2.9509547310561643,7,6
dzinoti,positive,2.9509547310561643,7,6
‚Äì,positive,2.9509547310561643,7,6
$60,positive,2.9509547310561643,7,6
@iammisstc,positive,2.9509547310561643,7,6
207,positive,2.9509547310561643,7,6
@castlelagerzw,positive,2.9509547310561643,15,13
package,positive,2.9509547310561643,7,6
gave,positive,2.9509547310561643,7,6
ishe,positive,2.9509547310561643,7,6
akahwina,positive,2.9509547310561643,7,6
machine,positive,2.9509547310561643,7,6
andy,positive,2.9509547310561643,7,6
muhighlands,positive,2.9509547310561643,7,6
#gpzvhrk,positive,2.9509547310561643,7,6
vekuti,positive,2.9509547310561643,7,6
vaimbi,positive,2.9509547310561643,7,6
tirikuti,positive,2.9509547310561643,7,6
#registertovote,positive,2.9509547310561643,7,6
yepamusoro,positive,2.9509547310561643,7,6
peaceful,positive,2.9509547310561643,7,6
mudare,positive,2.9509547310561643,7,6
roundabout,positive,2.9509547310561643,7,6
district,positive,2.9509547310561643,7,6
leonard,positive,2.9509547310561643,7,6
zvinorevei,positive,2.9509547310561643,7,6
13,positive,2.9509547310561643,7,6
#issawholenewvibe,positive,2.9509547310561643,15,13
tora,positive,2.937148931531134,14,12
@joebiden,positive,2.937148931531134,14,12
@rufarorufaro7,positive,2.9212073876621125,6,5
#edworks,positive,2.9212073876621125,6,5
anosvika,positive,2.9212073876621125,6,5
#jobs,positive,2.9212073876621125,13,11
#jobszimbabwe,positive,2.9212073876621125,13,11
malema,positive,2.9212073876621125,6,5
effort,positive,2.9212073876621125,6,5
soccer,positive,2.9212073876621125,6,5
instead,positive,2.9212073876621125,6,5
area,positive,2.9212073876621125,6,5
yemazuva,positive,2.9212073876621125,6,5
mhoro,positive,2.9212073876621125,6,5
hair,positive,2.9212073876621125,6,5
kudzorera,positive,2.9212073876621125,6,5
sounds,positive,2.9212073876621125,6,5
zvikuru,positive,2.9212073876621125,6,5
beat,positive,2.9212073876621125,6,5
esolar,positive,2.9212073876621125,6,5
mambokadzi,positive,2.9212073876621125,6,5
zvemukati,positive,2.9212073876621125,6,5
stereki,positive,2.9212073876621125,6,5
gumiguru,positive,2.9212073876621125,13,11
gateway,positive,2.9212073876621125,6,5
havazive,positive,2.9212073876621125,6,5
nechokwadi,positive,2.9212073876621125,6,5
üáøüáº,positive,2.9212073876621125,13,11
edzimba,positive,2.9212073876621125,6,5
vice,positive,2.9212073876621125,6,5
soko,positive,2.9212073876621125,6,5
@shariwa,positive,2.9212073876621125,6,5
zvemashuwa,positive,2.9212073876621125,6,5
varimi,positive,2.9212073876621125,6,5
manyama,positive,2.9212073876621125,6,5
cold,positive,2.9212073876621125,6,5
kukudza,positive,2.9212073876621125,6,5
ndouya,positive,2.9212073876621125,6,5
opposite,positive,2.9212073876621125,6,5
@teemadzika,positive,2.9212073876621125,6,5
dziripo,positive,2.9212073876621125,13,11
super,positive,2.9212073876621125,6,5
peer,positive,2.9212073876621125,6,5
vadye,positive,2.9212073876621125,6,5
example,positive,2.9212073876621125,6,5
napo,positive,2.9212073876621125,6,5
villas,positive,2.9212073876621125,6,5
@everjoicewin,positive,2.9212073876621125,6,5
vakasaina,positive,2.9212073876621125,6,5
wekutanga,positive,2.9212073876621125,6,5
ramba,positive,2.9091345553615375,19,16
kings,positive,2.9091345553615375,19,16
kusvirana,positive,2.9025917094947657,12,10
makuru,positive,2.9025917094947657,12,10
mitengo,positive,2.9025917094947657,12,10
stand,positive,2.895672295554975,18,15
gafa,positive,2.895672295554975,18,15
kwamutare,positive,2.895672295554975,18,15
stats,positive,2.8805654031647667,5,4
chaita,positive,2.8805654031647667,5,4
interchange,positive,2.8805654031647667,5,4
nicholas,positive,2.8805654031647667,5,4
kurota,positive,2.8805654031647667,5,4
blaming,positive,2.8805654031647667,5,4
kudzie,positive,2.8805654031647667,5,4
gedhi,positive,2.8805654031647667,5,4
kukuroora,positive,2.8805654031647667,5,4
makorokoto,positive,2.8805654031647667,11,9
akakundikana,positive,2.8805654031647667,5,4
